Feature1,Feature2,Correlation
timestep,feature_100,0.9824299725580772
timestep,feature_101,0.9944480892828125
timestep,feature_103,0.9925788153820786
timestep,feature_136,0.9118590942137323
timestep,feature_139,0.890583073478135
feature_1,feature_8,0.9776868460774285
feature_1,feature_9,0.9954574408875171
feature_1,feature_11,0.9832123558754047
feature_1,feature_17,0.9961209178122693
feature_1,feature_18,0.9457618943392911
feature_1,feature_19,0.9020212423071512
feature_4,feature_6,0.9574011450517095
feature_5,feature_14,0.990923572918971
feature_8,feature_9,0.9851374279259145
feature_8,feature_11,0.9987016300302591
feature_8,feature_17,0.9797367293790202
feature_8,feature_18,0.9461151660825091
feature_8,feature_19,0.8956950133475071
feature_9,feature_11,0.9900644157722147
feature_9,feature_17,0.9947066796834343
feature_9,feature_18,0.9481759975455627
feature_9,feature_19,0.8957144342446057
feature_11,feature_17,0.9846317939798687
feature_11,feature_18,0.9480156707753263
feature_11,feature_19,0.8972417738965153
feature_12,feature_13,0.975952402282549
feature_17,feature_18,0.9559941984398939
feature_17,feature_19,0.9096352960265137
feature_18,feature_19,0.9768687625408422
feature_20,feature_21,0.9942134353344146
feature_22,feature_25,0.8838964160192817
feature_22,feature_28,0.9999997404559896
feature_22,feature_31,0.8838657516708306
feature_23,feature_25,0.9430746994992464
feature_23,feature_29,0.9999998796554164
feature_23,feature_31,0.943094080198852
feature_24,feature_30,0.9999999917829916
feature_25,feature_28,0.8839004391330543
feature_25,feature_29,0.9430593502786379
feature_25,feature_31,0.9999998035069163
feature_26,feature_27,0.9756812439610208
feature_26,feature_32,0.9995889838290023
feature_26,feature_33,0.9752886056983275
feature_27,feature_32,0.9752679754439078
feature_27,feature_33,0.9995730771758524
feature_28,feature_31,0.8838702127133035
feature_29,feature_31,0.943079030624654
feature_32,feature_33,0.9756929243786703
feature_34,feature_35,0.9373631272294799
feature_34,feature_37,0.9748775914591304
feature_35,feature_37,0.974220158093202
feature_38,feature_39,0.9941045685009071
feature_40,feature_41,0.943634411259756
feature_40,feature_43,0.9807509825827175
feature_40,feature_46,0.9938885327475554
feature_40,feature_47,0.9705741282912054
feature_40,feature_49,0.9873830682658631
feature_40,feature_77,0.8520066895387046
feature_40,feature_78,0.8547727806994357
feature_40,feature_79,0.8254240778402815
feature_40,feature_83,0.9190379576937459
feature_40,feature_84,0.9197767260503112
feature_40,feature_85,0.9001970117677993
feature_41,feature_43,0.9873783819219617
feature_41,feature_46,0.9411641201938294
feature_41,feature_47,0.9783978981010436
feature_41,feature_49,0.9654845325778347
feature_41,feature_77,0.9009100321859719
feature_41,feature_78,0.9025390733011337
feature_41,feature_79,0.8726688534710576
feature_41,feature_83,0.9228681487931539
feature_41,feature_84,0.9216743786938341
feature_41,feature_85,0.9025187554741088
feature_42,feature_48,0.8524520819209433
feature_43,feature_46,0.9768744267363966
feature_43,feature_47,0.9855239581506093
feature_43,feature_49,0.9879679755229918
feature_43,feature_77,0.8905596337797465
feature_43,feature_78,0.8936706893514786
feature_43,feature_79,0.8636902179122125
feature_43,feature_83,0.9311963232611105
feature_43,feature_84,0.9315165528422601
feature_43,feature_85,0.911907623223744
feature_44,feature_45,0.9831373262632472
feature_44,feature_50,0.9653976461902456
feature_44,feature_51,0.9493293855108754
feature_45,feature_50,0.9495428471781845
feature_45,feature_51,0.9648263485989449
feature_46,feature_47,0.9774382988301908
feature_46,feature_49,0.9939602804550883
feature_46,feature_77,0.866258254244983
feature_46,feature_78,0.8705692588662187
feature_46,feature_79,0.8410269338341394
feature_46,feature_83,0.922409126199081
feature_46,feature_84,0.9241113279644119
feature_46,feature_85,0.9046138212609532
feature_47,feature_49,0.9938871945432516
feature_47,feature_77,0.8977642888719258
feature_47,feature_78,0.9002402535725625
feature_47,feature_79,0.8698637215007222
feature_47,feature_83,0.9413240658322556
feature_47,feature_84,0.9408660629956103
feature_47,feature_85,0.9210801092050117
feature_49,feature_77,0.8872438220762814
feature_49,feature_78,0.8911519447903858
feature_49,feature_79,0.8609718663454103
feature_49,feature_83,0.9367749675589132
feature_49,feature_84,0.9377907648531458
feature_49,feature_85,0.9179707760579997
feature_50,feature_51,0.9834861255727386
feature_52,feature_53,0.8134872255697418
feature_52,feature_55,0.9540352171673399
feature_53,feature_55,0.9406475859837797
feature_56,feature_57,0.9847794004896381
feature_58,feature_64,0.9999965186597939
feature_59,feature_60,0.9651602434512144
feature_59,feature_61,0.9498336911927668
feature_59,feature_65,0.9999996830550327
feature_59,feature_66,0.9651500747675712
feature_59,feature_67,0.9498310039718412
feature_60,feature_61,0.9454548306803285
feature_60,feature_65,0.9652016770780616
feature_60,feature_66,0.9999995965376522
feature_60,feature_67,0.9454598375907192
feature_61,feature_65,0.9498874410196357
feature_61,feature_66,0.9454666033339901
feature_61,feature_67,0.9999996333710267
feature_62,feature_63,0.9954416645022487
feature_62,feature_68,0.9941822184839938
feature_62,feature_69,0.9896286607068675
feature_63,feature_68,0.98965372233155
feature_63,feature_69,0.994110636991006
feature_65,feature_66,0.965192128809811
feature_65,feature_67,0.949885337919468
feature_66,feature_67,0.9454720571465536
feature_68,feature_69,0.995458112376333
feature_71,feature_72,0.9742211690924688
feature_71,feature_73,0.9567251237987526
feature_72,feature_73,0.9932064968849194
feature_74,feature_75,0.9967935708171071
feature_77,feature_78,0.9867281293766346
feature_77,feature_79,0.9799176954544053
feature_77,feature_83,0.951820816998645
feature_77,feature_84,0.9416946887268588
feature_77,feature_85,0.9343026794508444
feature_78,feature_79,0.9734293091485715
feature_78,feature_83,0.9444192633232364
feature_78,feature_84,0.9547553394390482
feature_78,feature_85,0.9397966901410508
feature_79,feature_83,0.9245265639840932
feature_79,feature_84,0.9273437114534553
feature_79,feature_85,0.9410029226253188
feature_80,feature_81,0.9965185962724463
feature_80,feature_86,0.9480914756965534
feature_80,feature_87,0.9454502008670406
feature_81,feature_86,0.9456453756871345
feature_81,feature_87,0.9484006802829238
feature_83,feature_84,0.9892553691559794
feature_83,feature_85,0.9819735705266824
feature_84,feature_85,0.9846961243311864
feature_86,feature_87,0.9964816487408034
feature_89,feature_90,0.8764310703138963
feature_89,feature_91,0.902335954384156
feature_92,feature_93,0.9970290492286609
feature_94,feature_97,0.9763015166610692
feature_95,feature_97,0.8579000764078101
feature_98,feature_99,0.9752453357301023
feature_100,feature_101,0.9889050151543046
feature_100,feature_103,0.9942012378732461
feature_100,feature_136,0.896060473800269
feature_100,feature_139,0.8742107056109273
feature_101,feature_103,0.9986313490566096
feature_101,feature_136,0.9067554099676335
feature_101,feature_139,0.8852594358545751
feature_103,feature_136,0.9051833117885769
feature_103,feature_139,0.8834960858223542
feature_104,feature_105,0.9893231278441421
feature_106,feature_109,0.9542092811396072
feature_107,feature_109,0.8802567369446257
feature_110,feature_111,0.9803811292512477
feature_112,feature_113,0.8201818884062114
feature_112,feature_115,0.9457618218360726
feature_113,feature_115,0.9508465771535125
feature_116,feature_117,0.99681124804762
feature_118,feature_121,0.93278723604603
feature_122,feature_123,0.9913418872539891
feature_124,feature_127,0.8397060559431242
feature_125,feature_127,0.8852784581312979
feature_128,feature_129,0.985843004014173
feature_131,feature_132,0.903209951077664
feature_131,feature_133,0.8381437689051723
feature_132,feature_133,0.8996934168063188
feature_134,feature_135,0.9961155842932657
feature_136,feature_137,0.8685123336934901
feature_136,feature_139,0.9777738493932885
feature_137,feature_139,0.9395921260115014
feature_140,feature_141,0.9957528699311049
feature_143,feature_144,0.8912265920350725
feature_143,feature_145,0.8839727262968456
feature_146,feature_147,0.9968968562003263
feature_148,feature_151,0.8481985667066916
feature_149,feature_151,0.8753879821643473
feature_152,feature_153,0.9994183463583974
feature_155,feature_156,0.8985394627536314
feature_155,feature_157,0.8811984283050488
feature_156,feature_157,0.8245610389816872
feature_158,feature_159,0.9971938141815097
feature_164,feature_165,0.9962214953961246
